Model,Test Accuracy (%),Parameters (M),Energy (J/cycle),Inference Speed,Efficiency Score
Modified LeNet-5,46.86078131198883,1.628896,123.2,Fast,0.380363484675234
VGG16,56.323933601379395,14.88046,181.2,Slow,0.3108384856588267
MobileNetV2,79.79981899261475,2.620364,200.1,Medium,0.398799695115516
